Election,OfficeName,VoteFor,BallotGroup,OfficeSequence,CandidateID,CanFirstName,CanLastName,CanAffilCommit,Votes,PartyName,PartyAbbrev
GE 2016,100TH REPRESENTATIVE,1,J,2100,22529,"CHRISTOPHER ""C.D.""",DAVIDSMEYER,,41488,REPUBLICAN,REP
GE 2016,101ST REPRESENTATIVE,1,J,2101,22530,CHRISTINE,LAW,,13661,DEMOCRATIC,DEM
GE 2016,101ST REPRESENTATIVE,1,J,2101,22531,BILL,MITCHELL,,41728,REPUBLICAN,REP
GE 2016,102ND REPRESENTATIVE,1,J,2102,22532,BRAD,HALBROOK,,42559,REPUBLICAN,REP
GE 2016,103RD REPRESENTATIVE,1,J,2103,22533,CAROL,AMMONS,,34071,DEMOCRATIC,DEM
GE 2016,108TH REPRESENTATIVE,1,J,2108,22534,CHARLES,MEIER,,48339,REPUBLICAN,REP
GE 2016,109TH REPRESENTATIVE,1,J,2109,22535,DAVID B.,REIS,,44451,REPUBLICAN,REP
GE 2016,10TH CIRCUIT- GALLEY VACANCY,1,LD,1010,22536,MICHAEL P.,McCUSKEY,,4746,DEMOCRATIC,DEM
GE 2016,10TH CIRCUIT- BRANDT VACANCY,1,LD,1020,22537,JODI M.,HOOS,,40390,DEMOCRATIC,DEM
GE 2016,10TH CIRCUIT- BRANDT VACANCY,1,LD,1020,22538,TIM,CUSACK,,38205,REPUBLICAN,REP
GE 2016,10TH CONGRESS,1,F,10,22539,BRAD,SCHNEIDER,,150435,DEMOCRATIC,DEM
GE 2016,10TH CONGRESS,1,F,10,22540,ROBERT,DOLD,,135535,REPUBLICAN,REP
GE 2016,10TH REPRESENTATIVE,1,J,2010,22541,MELISSA,CONYEARS,,35858,DEMOCRATIC,DEM
GE 2016,10TH REPRESENTATIVE,1,J,2010,22542,MARK,SPOGNARDI,,6911,REPUBLICAN,REP
GE 2016,COOK CIRCUIT- ELROD VACANCY,1,LC,20,22543,ROSSANA PATRICIA,FERNANDEZ,,1487440,DEMOCRATIC,DEM
GE 2016,110TH REPRESENTATIVE,1,J,2110,22544,"REGINALD ""REGGIE""",PHILLIPS,,29398,REPUBLICAN,REP
GE 2016,111TH REPRESENTATIVE,1,J,2111,22545,DANIEL V.,BEISER,,24808,DEMOCRATIC,DEM
GE 2016,112TH REPRESENTATIVE,1,J,2112,22546,KATIE,STUART,,27594,DEMOCRATIC,DEM
GE 2016,112TH REPRESENTATIVE,1,J,2112,22547,DWIGHT,KAY,,25875,REPUBLICAN,REP
GE 2016,113TH REPRESENTATIVE,1,J,2113,22548,JAY,HOFFMAN,,26816,DEMOCRATIC,DEM
GE 2016,113TH REPRESENTATIVE,1,J,2113,22549,KATHERINE L.,RUOCCO,,18536,REPUBLICAN,REP
GE 2016,114TH REPRESENTATIVE,1,J,2114,22550,LaTOYA N.,GREENWOOD,,26029,DEMOCRATIC,DEM
GE 2016,114TH REPRESENTATIVE,1,J,2114,22551,BOB,ROMANIK,,19492,REPUBLICAN,REP
GE 2016,115TH REPRESENTATIVE,1,J,2115,22552,MARSHA,GRIFFIN,,21626,DEMOCRATIC,DEM
GE 2016,115TH REPRESENTATIVE,1,J,2115,22553,TERRI,BRYANT,,26454,REPUBLICAN,REP
GE 2016,116TH REPRESENTATIVE,1,J,2116,22554,JERRY,COSTELLO II,,40599,DEMOCRATIC,DEM
GE 2016,117TH REPRESENTATIVE,1,J,2117,22555,JOHN,BRADLEY,,24032,DEMOCRATIC,DEM
GE 2016,117TH REPRESENTATIVE,1,J,2117,22556,DAVE,SEVERIN,,26946,REPUBLICAN,REP
GE 2016,118TH REPRESENTATIVE,1,J,2118,22557,BRANDON W.,PHELPS,,26836,DEMOCRATIC,DEM
GE 2016,118TH REPRESENTATIVE,1,J,2118,22558,JASON V.,KASIAR,,19108,REPUBLICAN,REP
GE 2016,11TH CIRCUIT- ROBB VACANCY,1,LD,1110,22559,CASEY,COSTIGAN,,109131,REPUBLICAN,REP
GE 2016,11TH CIRCUIT- HUSCHEN VACANCY,1,LD,1120,22560,CHARLES M.,"FEENEY, III",,16161,REPUBLICAN,REP
GE 2016,11TH CONGRESS,1,F,11,22561,BILL,FOSTER,,166578,DEMOCRATIC,DEM
GE 2016,11TH CONGRESS,1,F,11,22562,TONIA,KHOURI,,108995,REPUBLICAN,REP
GE 2016,11TH REPRESENTATIVE,1,J,2011,22563,ANN M.,WILLIAMS,,38028,DEMOCRATIC,DEM
GE 2016,11TH REPRESENTATIVE,1,J,2011,22564,GARY,MANDELL,,15115,REPUBLICAN,REP
GE 2016,11TH SENATE,1,J,111,22565,MARTIN A.,SANDOVAL,,49632,DEMOCRATIC,DEM
GE 2016,12TH CONGRESS,1,F,12,22566,"CHARLES ""C.J.""",BARICEVIC,,124246,DEMOCRATIC,DEM
GE 2016,12TH CONGRESS,1,F,12,22567,MICHAEL,BOST,,169976,REPUBLICAN,REP
GE 2016,12TH CONGRESS,1,F,12,22568,PAULA,BRADSHAW,,18780,GREEN,GRN
GE 2016,12TH REPRESENTATIVE,1,J,2012,22569,SARA,FEIGENHOLTZ,,43858,DEMOCRATIC,DEM
GE 2016,12TH REPRESENTATIVE,1,J,2012,22570,GENE,WITT,,14161,REPUBLICAN,REP
GE 2016,COOK CIRCUIT- KARNEZIS VACANCY,1,LC,50,22571,MARY KATHLEEN,McHUGH,,1441385,DEMOCRATIC,DEM
GE 2016,18TH CIRCUIT- EQUI VACANCY,1,LD,1820,22572,PAUL MICHAEL,FULLERTON,,313279,REPUBLICAN,REP
GE 2016,13TH CONGRESS,1,F,13,22573,MARK D.,WICKLUND,,126811,DEMOCRATIC,DEM
GE 2016,13TH CONGRESS,1,F,13,22574,RODNEY,DAVIS,,187583,REPUBLICAN,REP
GE 2016,13TH REPRESENTATIVE,1,J,2013,22575,GREGORY,HARRIS,,40831,DEMOCRATIC,DEM
GE 2016,13TH SENATE,1,J,113,22576,KWAME,RAOUL,,78792,DEMOCRATIC,DEM
GE 2016,14TH CONGRESS,1,F,14,22577,JIM,WALZ,,137589,DEMOCRATIC,DEM
GE 2016,14TH CONGRESS,1,F,14,22578,"RANDALL M. ""RANDY""",HULTGREN,,200508,REPUBLICAN,REP
GE 2016,14TH REPRESENTATIVE,1,J,2014,22579,KELLY M.,CASSIDY,,35989,DEMOCRATIC,DEM
GE 2016,14TH SENATE,1,J,114,22580,EMIL,JONES III,,79949,DEMOCRATIC,DEM
GE 2016,15TH CIRCUIT-  URSIN VACANCY,1,LD,1510,22581,JAMES M.,HAUSER,,16795,REPUBLICAN,REP
GE 2016,15TH CONGRESS,1,F,15,22582,JOHN M.,SHIMKUS,,274554,REPUBLICAN,REP
GE 2016,15TH REPRESENTATIVE,1,J,2015,22583,JOHN C.,D'AMICO,,25586,DEMOCRATIC,DEM
GE 2016,15TH REPRESENTATIVE,1,J,2015,22584,JONATHAN,EDELMAN,,16030,REPUBLICAN,REP
GE 2016,COOK CIRCUIT- LOVE VACANCY,1,LC,60,22585,BRENDAN A.,O'BRIEN,,1445182,DEMOCRATIC,DEM
GE 2016,18TH CIRCUIT- ELSNER VACANCY,1,LD,1830,22586,JENNIFER SHILAKIS,WIESNER,,189644,DEMOCRATIC,DEM
GE 2016,18TH CIRCUIT- ELSNER VACANCY,1,LD,1830,22587,LIAM CHRISTOPHER,BRENNAN,,207810,REPUBLICAN,REP
GE 2016,8TH CIRCUIT - McMILLEN VACANCY,1,LD,820,22588,SCOTT J.,BUTLER,,3294,REPUBLICAN,REP
GE 2016,16TH CONGRESS,1,F,16,22589,ADAM,KINZINGER,,259722,REPUBLICAN,REP
GE 2016,16TH REPRESENTATIVE,1,J,2016,22590,LOU,LANG,,29719,DEMOCRATIC,DEM
GE 2016,16TH SENATE,1,J,116,22591,"JACQUELINE ""JACQUI""",COLLINS,,67984,DEMOCRATIC,DEM
GE 2016,9TH CIRCUIT- STEWART VACANCY,1,LD,920,22592,DAVID M.,HANSEN,,29411,DEMOCRATIC,DEM
GE 2016,9TH CIRCUIT- STEWART VACANCY,1,LD,920,22593,HEIDI A.,BENSON,,39128,REPUBLICAN,REP
GE 2016,17TH CONGRESS,1,F,17,22594,CHERI,BUSTOS,,173125,DEMOCRATIC,DEM
GE 2016,17TH CONGRESS,1,F,17,22595,PATRICK,HARLAN,,113943,REPUBLICAN,REP
GE 2016,17TH REPRESENTATIVE,1,J,2017,22596,LAURA,FINE,,42198,DEMOCRATIC,DEM
GE 2016,17TH SENATE,1,J,117,22597,DONNE E.,TROTTER,,82868,DEMOCRATIC,DEM
GE 2016,18TH CIRCUIT- BURKE VACANCY,1,LD,1810,22598,BRIAN F.,TELANDER,,314627,REPUBLICAN,REP
GE 2016,18TH CONGRESS,1,F,18,22599,DARIN,LaHOOD,,250506,REPUBLICAN,REP
GE 2016,18TH REPRESENTATIVE,1,J,2018,22600,ROBYN,GABEL,,36794,DEMOCRATIC,DEM
GE 2016,18TH REPRESENTATIVE,1,J,2018,22601,JESSICA,TUCKER,,20580,REPUBLICAN,REP
GE 2016,COOK CIRCUIT- O'BRIEN VACANCY,1,LC,70,22602,MAUREEN O'DONOGHUE,HANNON,,1437054,DEMOCRATIC,DEM
GE 2016,19TH CIRCUIT- 4TH SUBCIRCUIT - A VACANCY,1,LD,1910,22603,MITCHELL L.,HOFFMAN,,43331,DEMOCRATIC,DEM
GE 2016,"COOK - 13TH SUBCIRCUIT - FECAROTTA, JR. VACANCY",1,LC,1310,22604,"KETKI ""KAY""",STEFFEN,,65475,DEMOCRATIC,DEM
GE 2016,"COOK - 13TH SUBCIRCUIT - FECAROTTA, JR. VACANCY",1,LC,1310,22605,KEVIN MICHAEL,O'DONNELL,,67113,REPUBLICAN,REP
GE 2016,4TH CIRCUIT - SPEARS VACANCY,1,LD,410,22606,BRAD,PAISLEY,,12931,DEMOCRATIC,DEM
GE 2016,19TH REPRESENTATIVE,1,J,2019,22607,ROBERT,MARTWICK,,30537,DEMOCRATIC,DEM
GE 2016,19TH SENATE,1,J,119,22608,MICHAEL E.,HASTINGS,,83628,DEMOCRATIC,DEM
GE 2016,1ST APPELLATE - EPSTEIN VACANCY,1,LB,110,22609,EILEEN O'NEILL,BURKE,,1563233,DEMOCRATIC,DEM
GE 2016,1ST APPELLATE - QUINN VACANCY,1,LB,120,22610,BERTINA E.,LAMPKIN,,1507691,DEMOCRATIC,DEM
GE 2016,COOK - 1ST SUBCIRCUIT - HOPKINS VACANCY,1,LC,120,22611,RHONDA,CRAWFORD,,87970,DEMOCRATIC,DEM
GE 2016,COOK - 6TH SUBCIRCUIT - A VACANCY,1,LC,620,22612,ANNA,LOFTUS,,83094,DEMOCRATIC,DEM
GE 2016,21ST CIRCUIT- WENZELMAN VACANCY,1,LD,2110,22613,MICHAEL D.,KRAMER,,37921,REPUBLICAN,REP
GE 2016,COOK CIRCUIT- JOHNSON VACANCY,1,LC,45,22614,CAROLYN J.,GALLAGHER,,1447643,DEMOCRATIC,DEM
GE 2016,1ST CIRCUIT- SPOMER VACANCY,1,LD,110,22615,JEFFERY B.,FARRIS,,2213,DEMOCRATIC,DEM
GE 2016,1ST CONGRESS,1,F,1,22616,BOBBY L.,RUSH,,234037,DEMOCRATIC,DEM
GE 2016,1ST CONGRESS,1,F,1,22617,AUGUST (O'NEILL),DEUSER,,81817,REPUBLICAN,REP
GE 2016,1ST REPRESENTATIVE,1,J,2001,22618,DANIEL J.,BURKE,,21609,DEMOCRATIC,DEM
GE 2016,1ST SENATE,1,J,101,22619,"ANTONIO ""TONY""",MUNOZ,,46434,DEMOCRATIC,DEM
GE 2016,COOK - 12TH SUBCIRCUIT - MATHEIN VACANCY,1,LC,1205,22620,JANET CRONIN,MAHONEY,,64669,DEMOCRATIC,DEM
GE 2016,COOK - 12TH SUBCIRCUIT - MATHEIN VACANCY,1,LC,1205,22621,JAMES LEONARD,ALLEGRETTI,,74348,REPUBLICAN,REP
GE 2016,5TH CIRCUIT - EVERHART VACANCY,1,LD,510,22622,JOHN L.,BARGER,,1790,DEMOCRATIC,DEM
GE 2016,5TH CIRCUIT - EVERHART VACANCY,1,LD,510,22623,JONATHAN T.,BRADEN,,3702,REPUBLICAN,REP
GE 2016,20TH CIRCUIT- BARICEVIC VACANCY,1,LD,2010,22624,ROBERT B.,HAIDA,,127091,DEMOCRATIC,DEM
GE 2016,20TH CIRCUIT- HAIDA VACANCY,1,LD,2020,22625,JOHN,BARICEVIC,,81286,DEMOCRATIC,DEM
GE 2016,20TH CIRCUIT- HAIDA VACANCY,1,LD,2020,22626,RONALD R.,DUEBBERT,,82125,REPUBLICAN,REP
GE 2016,20TH REPRESENTATIVE,1,J,2020,22627,MERRY,MARWIG,,20142,DEMOCRATIC,DEM
GE 2016,20TH REPRESENTATIVE,1,J,2020,22628,MICHAEL P.,McAULIFFE,,25739,REPUBLICAN,REP
GE 2016,20TH SENATE,1,J,120,22629,IRIS Y.,MARTINEZ,,60418,DEMOCRATIC,DEM
GE 2016,21ST REPRESENTATIVE,1,J,2021,22630,SILVANA,TABARES,,20370,DEMOCRATIC,DEM
GE 2016,22ND REPRESENTATIVE,1,J,2022,22631,MICHAEL J.,MADIGAN,,27715,DEMOCRATIC,DEM
GE 2016,22ND SENATE,1,J,122,22632,CRISTINA,CASTRO,,39835,DEMOCRATIC,DEM
GE 2016,23RD CIRCUIT - A VACANCY - DeKALB COUNTY,1,LD,2310,22633,BRADLEY J.,WALLER,,23366,REPUBLICAN,REP
GE 2016,23RD REPRESENTATIVE,1,J,2023,22634,MICHAEL J.,ZALEWSKI,,25097,DEMOCRATIC,DEM
GE 2016,23RD SENATE,1,J,123,22635,THOMAS E.,CULLERTON,,44643,DEMOCRATIC,DEM
GE 2016,23RD SENATE,1,J,123,22636,SETH,LEWIS,,43429,REPUBLICAN,REP
GE 2016,24TH REPRESENTATIVE,1,J,2024,22637,"ELIZABETH ""LISA""",HERNANDEZ,,23079,DEMOCRATIC,DEM
GE 2016,24TH REPRESENTATIVE,1,J,2024,22638,ANDY,KIRCHOFF,,5969,REPUBLICAN,REP
GE 2016,25TH REPRESENTATIVE,1,J,2025,22639,BARBARA FLYNN,CURRIE,,37937,DEMOCRATIC,DEM
GE 2016,25TH SENATE,1,J,125,22640,CORINNE M.,PIEROG,,45317,DEMOCRATIC,DEM
GE 2016,25TH SENATE,1,J,125,22641,JIM,OBERWEIS,,54636,REPUBLICAN,REP
GE 2016,26TH REPRESENTATIVE,1,J,2026,22642,CHRISTIAN L.,MITCHELL,,40251,DEMOCRATIC,DEM
GE 2016,26TH SENATE,1,J,126,22643,DAN,McCONCHIE,,63432,REPUBLICAN,REP
GE 2016,27TH REPRESENTATIVE,1,J,2027,22644,MONIQUE D.,DAVIS,,42558,DEMOCRATIC,DEM
GE 2016,COOK CIRCUIT- WALSH VACANCY,1,LC,90,22645,PATRICK JOSEPH,POWERS,,1420378,DEMOCRATIC,DEM
GE 2016,28TH REPRESENTATIVE,1,J,2028,22646,"ROBERT ""BOB""",RITA,,37190,DEMOCRATIC,DEM
GE 2016,28TH SENATE,1,J,128,22647,LAURA,MURPHY,,47097,DEMOCRATIC,DEM
GE 2016,28TH SENATE,1,J,128,22648,MEL,THILLENS,,40950,REPUBLICAN,REP
GE 2016,29TH REPRESENTATIVE,1,J,2029,22649,THADDEUS,JONES,,42740,DEMOCRATIC,DEM
GE 2016,29TH SENATE,1,J,129,22650,JULIE A.,MORRISON,,53744,DEMOCRATIC,DEM
GE 2016,29TH SENATE,1,J,129,22651,BENJAMIN,SALZBERG,,37174,REPUBLICAN,REP
GE 2016,COOK - 6TH SUBCIRCUIT - PONCE DE LEON VACANCY,1,LC,605,22652,"EULALIA ""EVIE""",De La ROSA,,85600,DEMOCRATIC,DEM
GE 2016,2ND CONGRESS,1,F,2,22653,ROBIN,KELLY,,235051,DEMOCRATIC,DEM
GE 2016,2ND CONGRESS,1,F,2,22654,JOHN F,MORROW,,59471,REPUBLICAN,REP
GE 2016,2ND REPRESENTATIVE,1,J,2002,22655,THERESA,MAH,,23813,DEMOCRATIC,DEM
GE 2016,2ND SENATE,1,J,102,22656,OMAR,AQUINO,,57000,DEMOCRATIC,DEM
GE 2016,30TH REPRESENTATIVE,1,J,2030,22657,"WILLIAM ""WILL""",DAVIS,,34641,DEMOCRATIC,DEM
GE 2016,31ST REPRESENTATIVE,1,J,2031,22658,MARY E.,FLOWERS,,36904,DEMOCRATIC,DEM
GE 2016,31ST SENATE,1,J,131,22659,MELINDA,BUSH,,48303,DEMOCRATIC,DEM
GE 2016,31ST SENATE,1,J,131,22660,MICHAEL,AMROZOWICZ,,41044,REPUBLICAN,REP
GE 2016,32ND REPRESENTATIVE,1,J,2032,22661,ANDRÉ,THAPEDI,,29118,DEMOCRATIC,DEM
GE 2016,32ND SENATE,1,J,132,22662,PAMELA,ALTHOFF,,65150,REPUBLICAN,REP
GE 2016,33RD REPRESENTATIVE,1,J,2033,22663,MARCUS C.,"EVANS, JR.",,40046,DEMOCRATIC,DEM
GE 2016,34TH REPRESENTATIVE,1,J,2034,22664,ELGIE R.,"SIMS, JR.",,39961,DEMOCRATIC,DEM
GE 2016,34TH SENATE,1,J,134,22665,STEVE,STADELMAN,,66412,DEMOCRATIC,DEM
GE 2016,35TH REPRESENTATIVE,1,J,2035,22666,FRANCES ANN,HURLEY,,34506,DEMOCRATIC,DEM
GE 2016,35TH REPRESENTATIVE,1,J,2035,22667,VICTOR,HORNE,,18081,REPUBLICAN,REP
GE 2016,35TH SENATE,1,J,135,22668,DAVE,SYVERSON,,78269,REPUBLICAN,REP
GE 2016,36TH REPRESENTATIVE,1,J,2036,22669,KELLY M.,BURKE,,38047,DEMOCRATIC,DEM
GE 2016,37TH REPRESENTATIVE,1,J,2037,22670,MARGO,McDERMED,,45721,REPUBLICAN,REP
GE 2016,37TH SENATE,1,J,137,22671,CHUCK,WEAVER,,92654,REPUBLICAN,REP
GE 2016,38TH REPRESENTATIVE,1,J,2038,22672,AL,RILEY,,42819,DEMOCRATIC,DEM
GE 2016,38TH SENATE,1,J,138,22673,CHRISTINE,BENSON,,40586,DEMOCRATIC,DEM
GE 2016,38TH SENATE,1,J,138,22674,SUE,REZIN,,55848,REPUBLICAN,REP
GE 2016,39TH REPRESENTATIVE,1,J,2039,22675,WILL,GUZZARDI,,29170,DEMOCRATIC,DEM
GE 2016,3RD CONGRESS,1,F,3,22676,DANIEL WILLIAM,LIPINSKI,,225320,DEMOCRATIC,DEM
GE 2016,3RD REPRESENTATIVE,1,J,2003,22677,LUIS,ARROYO,,24178,DEMOCRATIC,DEM
GE 2016,40TH REPRESENTATIVE,1,J,2040,22678,JAIME M.,"ANDRADE, JR.",,29845,DEMOCRATIC,DEM
GE 2016,40TH SENATE,1,J,140,22679,TOI W.,HUTCHINSON,,71014,DEMOCRATIC,DEM
GE 2016,41ST REPRESENTATIVE,1,J,2041,22680,GRANT,WEHRLI,,42654,REPUBLICAN,REP
GE 2016,41ST SENATE,1,J,141,22681,CHRISTINE,RADOGNO,,87665,REPUBLICAN,REP
GE 2016,42ND REPRESENTATIVE,1,J,2042,22682,KATHLEEN V.,CARRIER,,21560,DEMOCRATIC,DEM
GE 2016,42ND REPRESENTATIVE,1,J,2042,22683,JEANNE M.,IVES,,33443,REPUBLICAN,REP
GE 2016,UNITED STATES SENATOR,1,A,2,22684,TAMMY,DUCKWORTH,,3012940,DEMOCRATIC,DEM
GE 2016,UNITED STATES SENATOR,1,A,2,22685,MARK STEVEN,KIRK,,2184692,REPUBLICAN,REP
GE 2016,43RD REPRESENTATIVE,1,J,2043,22686,ANNA,MOELLER,,22274,DEMOCRATIC,DEM
GE 2016,43RD SENATE,1,J,143,22687,PAT,McGUIRE,,67722,DEMOCRATIC,DEM
GE 2016,44TH REPRESENTATIVE,1,J,2044,22688,FRED,CRESPO,,22102,DEMOCRATIC,DEM
GE 2016,44TH SENATE,1,J,144,22689,BILL,BRADY,,87022,REPUBLICAN,REP
GE 2016,45TH REPRESENTATIVE,1,J,2045,22690,CYNTHIA,BORBAS,,22618,DEMOCRATIC,DEM
GE 2016,45TH REPRESENTATIVE,1,J,2045,22691,CHRISTINE JENNIFER,WINGER,,25876,REPUBLICAN,REP
GE 2016,COMPTROLLER,1,B,5,22692,SUSANA,MENDOZA,,2676244,DEMOCRATIC,DEM
GE 2016,COMPTROLLER,1,B,5,22693,LESLIE GEISSLER,MUNGER,,2404723,REPUBLICAN,REP
GE 2016,46TH REPRESENTATIVE,1,J,2046,22694,DEB,CONROY,,23369,DEMOCRATIC,DEM
GE 2016,46TH REPRESENTATIVE,1,J,2046,22695,HEIDI,HOLAN,,16257,REPUBLICAN,REP
GE 2016,46TH SENATE,1,J,146,22696,DAVE,KOEHLER,,70854,DEMOCRATIC,DEM
GE 2016,47TH REPRESENTATIVE,1,J,2047,22697,"PATRICIA R. ""PATTI""",BELLOCK,,45196,REPUBLICAN,REP
GE 2016,47TH SENATE,1,J,147,22698,JIL,TRACY,,79854,REPUBLICAN,REP
GE 2016,48TH REPRESENTATIVE,1,J,2048,22699,PETER,BREEN,,30793,REPUBLICAN,REP
GE 2016,5TH APPELLATE - WEXSTTEN VACANCY,1,LB,520,22700,JO BETH,WEBER,,264041,DEMOCRATIC,DEM
GE 2016,5TH APPELLATE - WEXSTTEN VACANCY,1,LB,520,22701,"JAMES R. ""RANDY""",MOORE,,307926,REPUBLICAN,REP
GE 2016,49TH REPRESENTATIVE,1,J,2049,22702,MIKE,FORTNER,,35353,REPUBLICAN,REP
GE 2016,49TH SENATE,1,J,149,22703,JENNIFER,BERTINO-TARRANT,,51960,DEMOCRATIC,DEM
GE 2016,49TH SENATE,1,J,149,22704,MICHELLE,SMITH,,46581,REPUBLICAN,REP
GE 2016,20TH CIRCUIT- LeCHIEN VACANCY,1,LD,2030,22705,ROBERT P.,LeCHIEN,,58797,DEMOCRATIC,DEM
GE 2016,20TH CIRCUIT- LeCHIEN VACANCY,1,LD,2030,22706,LANINYA A.,CASON,,56550,REPUBLICAN,REP
GE 2016,4TH CIRCUIT - SCHWARM VACANCY,1,LD,420,22707,DON,SHEAFOR JR.,,8118,REPUBLICAN,REP
GE 2016,4TH CONGRESS,1,F,4,22708,LUIS V.,GUTIERREZ,,171297,DEMOCRATIC,DEM
GE 2016,4TH REPRESENTATIVE,1,J,2004,22709,CYNTHIA,SOTO,,34077,DEMOCRATIC,DEM
GE 2016,4TH SENATE,1,J,104,22710,KIMBERLY A.,LIGHTFORD,,80583,DEMOCRATIC,DEM
GE 2016,50TH REPRESENTATIVE,1,J,2050,22711,KEITH R.,WHEELER,,31659,REPUBLICAN,REP
GE 2016,50TH SENATE,1,J,150,22712,"WILLIAM ""SAM""",McCANN,,89431,REPUBLICAN,REP
GE 2016,51ST REPRESENTATIVE,1,J,2051,22713,NICK,SAUER,,46098,REPUBLICAN,REP
GE 2016,22ND CIRCUIT- GRAHAM VACANCY,1,LD,2210,22714,JAMES S.,COWLIN,,112889,REPUBLICAN,REP
GE 2016,52ND REPRESENTATIVE,1,J,2052,22715,DAVID,McSWEENEY,,40392,REPUBLICAN,REP
GE 2016,52ND SENATE,1,J,152,22716,SCOTT M.,BENNETT,,52401,DEMOCRATIC,DEM
GE 2016,52ND SENATE,1,J,152,22717,MICHAEL P.,MADIGAN,,33562,REPUBLICAN,REP
GE 2016,53RD REPRESENTATIVE,1,J,2053,22718,DAVID,HARRIS,,38809,REPUBLICAN,REP
GE 2016,53RD SENATE,1,J,153,22719,JASON,BARICKMAN,,84127,REPUBLICAN,REP
GE 2016,54TH REPRESENTATIVE,1,J,2054,22720,TOM,MORRISON,,38846,REPUBLICAN,REP
GE 2016,23RD CIRCUIT - A VACANCY - KENDALL COUNTY,1,LD,2320,22721,STEPHEN L.,KRENTZ,,41326,REPUBLICAN,REP
GE 2016,55TH REPRESENTATIVE,1,J,2055,22722,MARTIN J.,MOYLAN,,25717,DEMOCRATIC,DEM
GE 2016,55TH REPRESENTATIVE,1,J,2055,22723,DAN,GOTT,,17811,REPUBLICAN,REP
GE 2016,55TH SENATE,1,J,155,22724,DALE A.,RIGHTER,,83806,REPUBLICAN,REP
GE 2016,56TH REPRESENTATIVE,1,J,2056,22725,MICHELLE,MUSSMAN,,24890,DEMOCRATIC,DEM
GE 2016,56TH REPRESENTATIVE,1,J,2056,22726,JILLIAN ROSE,BERNAS,,19693,REPUBLICAN,REP
GE 2016,56TH SENATE,1,J,156,22727,"WILLIAM ""BILL""",HAINE,,78460,DEMOCRATIC,DEM
GE 2016,57TH REPRESENTATIVE,1,J,2057,22728,ELAINE,NEKRITZ,,29297,DEMOCRATIC,DEM
GE 2016,58TH REPRESENTATIVE,1,J,2058,22729,SCOTT,DRURY,,29338,DEMOCRATIC,DEM
GE 2016,58TH SENATE,1,J,158,22730,SHEILA,SIMON,,38905,DEMOCRATIC,DEM
GE 2016,58TH SENATE,1,J,158,22731,PAUL,SCHIMPF,,59735,REPUBLICAN,REP
GE 2016,59TH REPRESENTATIVE,1,J,2059,22732,CAROL,SENTE,,25908,DEMOCRATIC,DEM
GE 2016,59TH REPRESENTATIVE,1,J,2059,22733,DAWN,ABERNATHY,,16656,REPUBLICAN,REP
GE 2016,59TH SENATE,1,J,159,22734,GARY,FORBY,,43503,DEMOCRATIC,DEM
GE 2016,59TH SENATE,1,J,159,22735,DALE,FOWLER,,53501,REPUBLICAN,REP
GE 2016,5TH APPELLATE - STEWART VACANCY,1,LB,510,22736,BRAD K.,BLEYER,,250544,DEMOCRATIC,DEM
GE 2016,5TH APPELLATE - STEWART VACANCY,1,LB,510,22737,JOHN B.,"BARBERIS, JR.",,317117,REPUBLICAN,REP
GE 2016,5TH CONGRESS,1,F,5,22738,MIKE,QUIGLEY,,212842,DEMOCRATIC,DEM
GE 2016,5TH CONGRESS,1,F,5,22739,ROB,SHERMAN,,14657,GREEN,GRN
GE 2016,5TH REPRESENTATIVE,1,J,2005,22740,JULIANA,STRATTON,,40747,DEMOCRATIC,DEM
GE 2016,5TH SENATE,1,J,105,22741,PATRICIA,VAN PELT,,75700,DEMOCRATIC,DEM
GE 2016,60TH REPRESENTATIVE,1,J,2060,22742,RITA,MAYFIELD,,22402,DEMOCRATIC,DEM
GE 2016,60TH REPRESENTATIVE,1,J,2060,22743,ROBERT L.,OCHSNER,,6909,REPUBLICAN,REP
GE 2016,61ST REPRESENTATIVE,1,J,2061,22744,NICK,CIKO,,19947,DEMOCRATIC,DEM
GE 2016,61ST REPRESENTATIVE,1,J,2061,22745,SHERI,JESIEL,,26692,REPUBLICAN,REP
GE 2016,62ND REPRESENTATIVE,1,J,2062,22746,SAM,YINGLING,,22050,DEMOCRATIC,DEM
GE 2016,62ND REPRESENTATIVE,1,J,2062,22747,ROD,DROBINSKI,,19993,REPUBLICAN,REP
GE 2016,63RD REPRESENTATIVE,1,J,2063,22749,STEVEN,REICK,,25699,REPUBLICAN,REP
GE 2016,64TH REPRESENTATIVE,1,J,2064,22750,BARBARA,WHEELER,,41873,REPUBLICAN,REP
GE 2016,65TH REPRESENTATIVE,1,J,2065,22751,STEVEN A.,ANDERSSON,,42499,REPUBLICAN,REP
GE 2016,66TH REPRESENTATIVE,1,J,2066,22752,NANCY A.,ZETTLER,,20083,DEMOCRATIC,DEM
GE 2016,66TH REPRESENTATIVE,1,J,2066,22753,ALLEN,SKILLICORN,,27295,REPUBLICAN,REP
GE 2016,67TH REPRESENTATIVE,1,J,2067,22754,LITESA E.,WALLACE,,25420,DEMOCRATIC,DEM
GE 2016,68TH REPRESENTATIVE,1,J,2068,22755,TRICIA,SWEENEY,,17655,DEMOCRATIC,DEM
GE 2016,68TH REPRESENTATIVE,1,J,2068,22756,JOHN M.,CABELLO,,31139,REPUBLICAN,REP
GE 2016,69TH REPRESENTATIVE,1,J,2069,22757,ANGELIQUE A.,BODINE,,16032,DEMOCRATIC,DEM
GE 2016,69TH REPRESENTATIVE,1,J,2069,22758,JOE,SOSNOWSKI,,32961,REPUBLICAN,REP
GE 2016,6TH CIRCUIT - BRYAN VACANCY,1,LD,610,22759,KARLE E.,KORITZ,,6556,REPUBLICAN,REP
GE 2016,6TH CONGRESS,1,F,6,22760,AMANDA,HOWLAND,,143591,DEMOCRATIC,DEM
GE 2016,6TH CONGRESS,1,F,6,22761,PETER J.,ROSKAM,,208555,REPUBLICAN,REP
GE 2016,6TH REPRESENTATIVE,1,J,2006,22762,SONYA MARIE,HARPER,,32904,DEMOCRATIC,DEM
GE 2016,70TH REPRESENTATIVE,1,J,2070,22763,ROBERT W.,PRITCHARD,,36601,REPUBLICAN,REP
GE 2016,71ST REPRESENTATIVE,1,J,2071,22764,MIKE,SMIDDY,,18082,DEMOCRATIC,DEM
GE 2016,71ST REPRESENTATIVE,1,J,2071,22765,TONY M.,McCOMBIE,,30635,REPUBLICAN,REP
GE 2016,72ND REPRESENTATIVE,1,J,2072,22766,MICHAEL W.,HALPIN,,25014,DEMOCRATIC,DEM
GE 2016,72ND REPRESENTATIVE,1,J,2072,22767,BRANDI,McGUIRE,,19342,REPUBLICAN,REP
GE 2016,73RD REPRESENTATIVE,1,J,2073,22768,RYAN,SPAIN,,47626,REPUBLICAN,REP
GE 2016,74TH REPRESENTATIVE,1,J,2074,22769,BILL,BUTTS,,18185,DEMOCRATIC,DEM
GE 2016,74TH REPRESENTATIVE,1,J,2074,22770,DANIEL M.,SWANSON,,34567,REPUBLICAN,REP
GE 2016,75TH REPRESENTATIVE,1,J,2075,22771,MARTHA J.,SHUGART,,20833,DEMOCRATIC,DEM
GE 2016,76TH REPRESENTATIVE,1,J,2076,22773,ANDY,SKOOG,,22759,DEMOCRATIC,DEM
GE 2016,76TH REPRESENTATIVE,1,J,2076,22774,JERRY LEE,LONG,,23557,REPUBLICAN,REP
GE 2016,77TH REPRESENTATIVE,1,J,2077,22775,KATHLEEN,WILLIS,,20806,DEMOCRATIC,DEM
GE 2016,77TH REPRESENTATIVE,1,J,2077,22776,ANTHONY,AIRDO,,8762,REPUBLICAN,REP
GE 2016,78TH REPRESENTATIVE,1,J,2078,22777,CAMILLE,LILLY,,41233,DEMOCRATIC,DEM
GE 2016,79TH REPRESENTATIVE,1,J,2079,22778,"KATHERINE ""KATE""",CLOONEN,,20450,DEMOCRATIC,DEM
GE 2016,79TH REPRESENTATIVE,1,J,2079,22779,LINDSAY,PARKHURST,,23728,REPUBLICAN,REP
GE 2016,7TH CIRCUIT - LONDRIGAN VACANCY,1,LD,720,22780,DAVID,REID,,60450,DEMOCRATIC,DEM
GE 2016,7TH CIRCUIT - LONDRIGAN VACANCY,1,LD,720,22781,APRIL,TROEMPER,,86851,REPUBLICAN,REP
GE 2016,7TH CONGRESS,1,F,7,22782,DANNY K.,DAVIS,,250584,DEMOCRATIC,DEM
GE 2016,7TH REPRESENTATIVE,1,J,2007,22783,"EMANUEL ""CHRIS""",WELCH,,39914,DEMOCRATIC,DEM
GE 2016,7TH SENATE,1,J,107,22784,HEATHER A.,STEANS,,82014,DEMOCRATIC,DEM
GE 2016,80TH REPRESENTATIVE,1,J,2080,22785,ANTHONY,DeLUCA,,38766,DEMOCRATIC,DEM
GE 2016,81ST REPRESENTATIVE,1,J,2081,22786,GREG,HOSE,,25660,DEMOCRATIC,DEM
GE 2016,82ND REPRESENTATIVE,1,J,2082,22788,JIM,DURKIN,,45529,REPUBLICAN,REP
GE 2016,83RD REPRESENTATIVE,1,J,2083,22789,LINDA,CHAPA LaVIA,,20959,DEMOCRATIC,DEM
GE 2016,84TH REPRESENTATIVE,1,J,2084,22790,STEPHANIE A.,KIFOWIT,,24183,DEMOCRATIC,DEM
GE 2016,84TH REPRESENTATIVE,1,J,2084,22791,MIKE,STRICK,,14242,REPUBLICAN,REP
GE 2016,85TH REPRESENTATIVE,1,J,2085,22792,EMILY,McASEY,,33236,DEMOCRATIC,DEM
GE 2016,86TH REPRESENTATIVE,1,J,2086,22793,"LAWRENCE ""LARRY""","WALSH, JR.",,33342,DEMOCRATIC,DEM
GE 2016,87TH REPRESENTATIVE,1,J,2087,22794,TIM,BUTLER,,41483,REPUBLICAN,REP
GE 2016,88TH REPRESENTATIVE,1,J,2088,22795,KEITH P.,SOMMER,,44223,REPUBLICAN,REP
GE 2016,89TH REPRESENTATIVE,1,J,2089,22796,BRIAN W.,STEWART,,42157,REPUBLICAN,REP
GE 2016,8TH CIRCUIT - WALDEN VACANCY,1,LD,810,22797,SCOTT D.,LARSON,,28634,REPUBLICAN,REP
GE 2016,8TH CONGRESS,1,F,8,22798,RAJA,KRISHNAMOORTHI,,144954,DEMOCRATIC,DEM
GE 2016,8TH CONGRESS,1,F,8,22799,"PETER ""PETE""",DiCIANNI,,103617,REPUBLICAN,REP
GE 2016,8TH REPRESENTATIVE,1,J,2008,22800,LA SHAWN K.,FORD,,38493,DEMOCRATIC,DEM
GE 2016,8TH SENATE,1,J,108,22801,IRA I.,SILVERSTEIN,,62149,DEMOCRATIC,DEM
GE 2016,90TH REPRESENTATIVE,1,J,2090,22802,TOM,DEMMER,,40456,REPUBLICAN,REP
GE 2016,91ST REPRESENTATIVE,1,J,2091,22803,MICHAEL D.,UNES,,38682,REPUBLICAN,REP
GE 2016,92ND REPRESENTATIVE,1,J,2092,22804,JEHAN,GORDON-BOOTH,,33410,DEMOCRATIC,DEM
GE 2016,93RD REPRESENTATIVE,1,J,2093,22805,JOHN,CURTIS,,19163,DEMOCRATIC,DEM
GE 2016,93RD REPRESENTATIVE,1,J,2093,22806,NORINE K.,HAMMOND,,22985,REPUBLICAN,REP
GE 2016,94TH REPRESENTATIVE,1,J,2094,22807,BOBBY,PRITCHETT,,12364,DEMOCRATIC,DEM
GE 2016,94TH REPRESENTATIVE,1,J,2094,22808,RANDY E.,FRESE,,37408,REPUBLICAN,REP
GE 2016,95TH REPRESENTATIVE,1,J,2095,22809,MIKE,MATHIS,,20898,DEMOCRATIC,DEM
GE 2016,95TH REPRESENTATIVE,1,J,2095,22810,AVERY,BOURNE,,27601,REPUBLICAN,REP
GE 2016,96TH REPRESENTATIVE,1,J,2096,22811,SUE,SCHERER,,32852,DEMOCRATIC,DEM
GE 2016,97TH REPRESENTATIVE,1,J,2097,22813,MARK,BATINICK,,42312,REPUBLICAN,REP
GE 2016,98TH REPRESENTATIVE,1,J,2098,22814,NATALIE A.,MANLEY,,38650,DEMOCRATIC,DEM
GE 2016,99TH REPRESENTATIVE,1,J,2099,22815,"ANTHONY ""TONY""",DelGIORNO,,22188,DEMOCRATIC,DEM
GE 2016,99TH REPRESENTATIVE,1,J,2099,22816,SARA WOJCICKI,JIMENEZ,,35363,REPUBLICAN,REP
GE 2016,9TH CIRCUIT- BORDNER VACANCY,1,LD,910,22817,JIM,HARRELL,,28284,DEMOCRATIC,DEM
GE 2016,9TH CIRCUIT- BORDNER VACANCY,1,LD,910,22818,RAYMOND A.,CAVANAUGH,,40177,REPUBLICAN,REP
GE 2016,9TH CONGRESS,1,F,9,22819,JANICE D.,SCHAKOWSKY,,217306,DEMOCRATIC,DEM
GE 2016,9TH CONGRESS,1,F,9,22820,JOAN McCARTHY,LASONDE,,109550,REPUBLICAN,REP
GE 2016,9TH REPRESENTATIVE,1,J,2009,22821,ARTHUR,TURNER,,36765,DEMOCRATIC,DEM
GE 2016,ADAMS/BROWN/CASS/MORGAN/PIKE/SCOTT SUPERINTENDENT OF SCHOOLS,1,K,110,22822,JILL,REIS,,56118,REPUBLICAN,REP
GE 2016,COOK - 10TH SUBCIRCUIT - HOWARD VACANCY,1,LC,1010,22823,EVE MARIE,REILLY,,90974,DEMOCRATIC,DEM
GE 2016,COOK - 11TH SUBCIRCUIT - KELLY VACANCY,1,LC,1110,22824,CATHERINE ANN,SCHNEIDER,,88509,DEMOCRATIC,DEM
GE 2016,COOK - 11TH SUBCIRCUIT - ZWICK VACANCY,1,LC,1120,22825,WILLIAM B.,SULLIVAN,,89097,DEMOCRATIC,DEM
GE 2016,104TH REPRESENTATIVE,1,J,2104,22826,CHAD,HAYS,,35556,REPUBLICAN,REP
GE 2016,105TH REPRESENTATIVE,1,J,2105,22827,DAN,BRADY,,43961,REPUBLICAN,REP
GE 2016,106TH REPRESENTATIVE,1,J,2106,22828,THOMAS M.,BENNETT,,41047,REPUBLICAN,REP
GE 2016,107TH REPRESENTATIVE,1,J,2107,22829,JOHN,CAVALETTO,,41739,REPUBLICAN,REP
GE 2016,COOK - 12TH SUBCIRCUIT - TRISTANO VACANCY,1,LC,1210,22830,CARRIE,HAMILTON,,71759,DEMOCRATIC,DEM
GE 2016,COOK - 12TH SUBCIRCUIT - TRISTANO VACANCY,1,LC,1210,22831,DAVID,STUDENROTH,,67050,REPUBLICAN,REP
GE 2016,COOK - 12TH SUBCIRCUIT - A VACANCY,1,LC,1220,22832,JAMES EDWARD,"HANLON, JR.",,67626,DEMOCRATIC,DEM
GE 2016,COOK - 12TH SUBCIRCUIT - A VACANCY,1,LC,1220,22833,STEVEN A.,KOZICKI,,72487,REPUBLICAN,REP
GE 2016,6TH CIRCUIT - WHITE VACANCY,1,LD,620,22834,THOMAS E.,LITTLE,,38988,REPUBLICAN,REP
GE 2016,CALHOUN/GREENE/JERSEY/MACOUPIN SUPERINTENDENT OF SCHOOLS,1,K,120,22835,MICHELLE,MUELLER,,31737,DEMOCRATIC,DEM
GE 2016,COOK - 2ND SUBCIRCUIT - SAVAGE VACANCY,1,LC,210,22836,D. RENEE,JACKSON,,96089,DEMOCRATIC,DEM
GE 2016,COOK - 5TH SUBCIRCUIT - STUART VACANCY,1,LC,510,22837,FREDDRENNA M.,LYLE,,69036,DEMOCRATIC,DEM
GE 2016,COOK - 5TH SUBCIRCUIT - WILLIAMS VACANCY,1,LC,520,22838,DARYL,JONES,,69260,DEMOCRATIC,DEM
GE 2016,COOK - 4TH SUBCIRCUIT - KUNKLE VACANCY,1,LC,410,22839,EDWARD J.,KING,,90463,DEMOCRATIC,DEM
GE 2016,2ND CIRCUIT- FRANKLAND VACANCY,1,LD,210,22840,MICHAEL J.,VALENTINE,,2269,DEMOCRATIC,DEM
GE 2016,2ND CIRCUIT- FRANKLAND VACANCY,1,LD,210,22841,BRIAN T.,SHINKLE,,1055,REPUBLICAN,REP
GE 2016,COOK - 6TH SUBCIRCUIT - SANTIAGO VACANCY,1,LC,610,22842,RICHARD C.,COOKE,,83409,DEMOCRATIC,DEM
GE 2016,COOK - 7TH SUBCIRCUIT - BURRELL VACANCY,1,LC,710,22843,MARIANNE,JACKSON,,84139,DEMOCRATIC,DEM
GE 2016,COOK - 7TH SUBCIRCUIT - RIVKIN-CAROTHERS VACANCY,1,LC,720,22844,"PATRICIA ""PAT"" S.",SPRATT,,82015,DEMOCRATIC,DEM
GE 2016,7TH CIRCUIT - KELLEY VACANCY,1,LD,710,22845,RICK,VERTICCHIO,,55663,DEMOCRATIC,DEM
GE 2016,7TH CIRCUIT - KELLEY VACANCY,1,LD,710,22846,RYAN,CADAGIN,,91272,REPUBLICAN,REP
GE 2016,11TH CIRCUIT- REYNARD VACANCY,1,LD,1105,22847,MARK A.,FELLHEIMER,,109182,REPUBLICAN,REP
GE 2016,COOK CIRCUIT- PALMER VACANCY,1,LC,75,22848,SUSANA L.,ORTIZ,,1450201,DEMOCRATIC,DEM
GE 2016,COOK - 5TH SUBCIRCUIT - EADIE-DANIELS VACANCY,1,LC,505,22849,LEONARD,MURRAY,,68906,DEMOCRATIC,DEM
GE 2016,"COOK - 12TH SUBCIRCUIT - KAZMIERSKI, JR.",1,LC,1200,22850,MARGUERITE ANNE,QUINN,,72078,DEMOCRATIC,DEM
GE 2016,"COOK - 12TH SUBCIRCUIT - KAZMIERSKI, JR.",1,LC,1200,22851,THOMAS WILLIAM,FLANNIGAN,,65791,REPUBLICAN,REP
GE 2016,21ST CIRCUIT- LUSTFELDT VACANCY,1,LD,2105,22852,JAMES B.,KINZER,,11443,REPUBLICAN,REP
GE 2016,COOK - 9TH SUBCIRCUIT - BERMAN VACANCY,1,LC,910,22853,JERRY,ESRIG,,101325,DEMOCRATIC,DEM
GE 2016,"COOK CIRCUIT- BIEBEL, JR. VACANCY",1,LC,10,22854,JOHN FITZGERALD,"LYKE, JR.",,1502047,DEMOCRATIC,DEM
GE 2016,COOK CIRCUIT- HOGAN VACANCY,1,LC,30,22855,ALISON C.,CONLON,,1462535,DEMOCRATIC,DEM
GE 2016,"COOK CIRCUIT- HOWLETT, JR. VACANCY",1,LC,40,22856,"ALEKSANDRA ""ALEX""",GILLESPIE,,1450784,DEMOCRATIC,DEM
GE 2016,COOK CIRCUIT- RUSCITTI GRUSSEL VACANCY,1,LC,80,22857,DANIEL PATRICK,DUFFY,,1428381,DEMOCRATIC,DEM
GE 2016,COOK - 1ST SUBCIRCUIT - BRIM VACANCY,1,LC,110,22858,JESSE,OUTLAW,,88778,DEMOCRATIC,DEM
GE 2016,PRAIRIE DUPONT LEVEE AND SANITARY DISTRICT,5,KX,1,22859,MICHAEL,SULLIVAN,,1225,DEMOCRATIC,DEM
GE 2016,PRAIRIE DUPONT LEVEE AND SANITARY DISTRICT,5,KX,1,22860,JULE,LEVIN,,937,DEMOCRATIC,DEM
GE 2016,PRAIRIE DUPONT LEVEE AND SANITARY DISTRICT,5,KX,1,22861,RANDY C.,BOLLE,,799,DEMOCRATIC,DEM
GE 2016,PRAIRIE DUPONT LEVEE AND SANITARY DISTRICT,5,KX,1,22862,MICHAEL H.,LINDHORST,,847,DEMOCRATIC,DEM
GE 2016,PRAIRIE DUPONT LEVEE AND SANITARY DISTRICT,5,KX,1,22863,DAVID,WALSTER,,795,DEMOCRATIC,DEM
GE 2016,10TH SENATE,1,J,110,22864,JOHN G.,MULROE,,63145,DEMOCRATIC,DEM
GE 2016,14TH CIRCUIT- MEERSMAN VACANCY,1,LD,1410,22865,KATHLEEN,MESICH,,48240,DEMOCRATIC,DEM
GE 2016,COOK - 14TH SUBCIRCUIT- MURPHY VACANCY,1,LC,1410,22866,MATTHEW,LINK,,54484,DEMOCRATIC,DEM
GE 2016,44TH REPRESENTATIVE,1,J,2044,22867,KATY DOLAN,BAUMER,,13098,REPUBLICAN,REP
GE 2016,58TH REPRESENTATIVE,1,J,2058,22868,MARTIN (Marty),BLUMENTHAL,,21756,REPUBLICAN,REP
GE 2016,1ST APPELLATE - RETAIN CUNNINGHAM,1,RB,105,22869,JOY VIRGINIA,CUNNINGHAM - YES,,1161051,,
GE 2016,1ST APPELLATE - RETAIN CUNNINGHAM,1,RB,105,22870,JOY VIRGINIA,CUNNINGHAM - NO,,311541,,
GE 2016,3RD APPELLATE - RETAIN WRIGHT,1,RB,305,22871,VICKI R.,WRIGHT - YES,,558811,,
GE 2016,3RD APPELLATE - RETAIN WRIGHT,1,RB,305,22872,VICKI R.,WRIGHT - NO,,140347,,
GE 2016,4TH APPELLATE - RETAIN KNECHT,1,RB,405,22873,JAMES A.,KNECHT - YES,,403223,,
GE 2016,4TH APPELLATE - RETAIN KNECHT,1,RB,405,22874,JAMES A.,KNECHT - NO,,91322,,
GE 2016,1ST CIRCUIT - RETAIN SCHWARTZ,1,RC,105,22875,WILLIAM G.,SCHWARTZ - YES,,61711,,
GE 2016,1ST CIRCUIT - RETAIN SCHWARTZ,1,RC,105,22876,WILLIAM G.,SCHWARTZ - NO,,20880,,
GE 2016,1ST CIRCUIT - RETAIN GRACE,1,RC,110,22877,W. CHARLES,GRACE - YES,,61638,,
GE 2016,1ST CIRCUIT - RETAIN GRACE,1,RC,110,22878,W. CHARLES,GRACE - NO,,20753,,
GE 2016,2ND CIRCUIT - RETAIN HOPKINS,1,RC,205,22879,ROBERT M.,HOPKINS - YES,,58353,,
GE 2016,2ND CIRCUIT - RETAIN HOPKINS,1,RC,205,22880,ROBERT M.,HOPKINS - NO,,19656,,
GE 2016,2ND CIRCUIT - RETAIN DUNN,1,RC,210,22881,LARRY D.,DUNN - YES,,57072,,
GE 2016,2ND CIRCUIT - RETAIN DUNN,1,RC,210,22882,LARRY D.,DUNN - NO,,20247,,
GE 2016,2ND CIRCUIT - RETAIN LAMAR,1,RC,215,22883,PAUL W.,LAMAR - YES,,56001,,
GE 2016,2ND CIRCUIT - RETAIN LAMAR,1,RC,215,22884,PAUL W.,LAMAR - NO,,20935,,
GE 2016,3RD CIRCUIT - RETAIN MATOESIAN,1,RC,305,22885,"A. ANDREAS ""ANDY""",MATOESIAN - YES,,82467,,
GE 2016,3RD CIRCUIT - RETAIN MATOESIAN,1,RC,305,22886,"A. ANDREAS ""ANDY""",MATOESIAN - NO,,36967,,
GE 2016,3RD CIRCUIT - RETAIN MUDGE,1,RC,310,22887,WILLIAM A.,MUDGE - YES,,86592,,
GE 2016,3RD CIRCUIT - RETAIN MUDGE,1,RC,310,22888,WILLIAM A.,MUDGE - NO,,34960,,
GE 2016,4TH CIRCUIT - RETAIN TODD,1,RC,405,22889,WM. ROBIN,TODD - YES,,71804,,
GE 2016,4TH CIRCUIT - RETAIN TODD,1,RC,405,22890,WM. ROBIN,TODD - NO,,24352,,
GE 2016,4TH CIRCUIT - RETAIN JARMAN,1,RC,410,22891,DOUGLAS L.,JARMAN - YES,,70039,,
GE 2016,4TH CIRCUIT - RETAIN JARMAN,1,RC,410,22892,DOUGLAS L.,JARMAN - NO,,24674,,
GE 2016,4TH CIRCUIT - RETAIN MCHANEY,1,RC,415,22893,MIKE,McHANEY - YES,,69897,,
GE 2016,4TH CIRCUIT - RETAIN MCHANEY,1,RC,415,22894,MIKE,McHANEY - NO,,24202,,
GE 2016,4TH CIRCUIT - RETAIN STEDELIN,1,RC,420,22895,MARK W.,STEDELIN - YES,,71423,,
GE 2016,5TH CIRCUIT - RETAIN GLENN,1,RC,505,22896,JAMES R.,GLENN - YES,,53130,,
GE 2016,5TH CIRCUIT - RETAIN GLENN,1,RC,505,22897,JAMES R.,GLENN - NO,,12271,,
GE 2016,5TH CIRCUIT - RETAIN RIGHTER,1,RC,510,22898,TERESA K.,RIGHTER - YES,,53256,,
GE 2016,5TH CIRCUIT - RETAIN RIGHTER,1,RC,510,22899,TERESA K.,RIGHTER - NO,,12373,,
GE 2016,5TH CIRCUIT - RETAIN SULLIVAN,1,RC,515,22900,MATT,SULLIVAN - YES,,52698,,
GE 2016,5TH CIRCUIT - RETAIN SULLIVAN,1,RC,515,22901,MATT,SULLIVAN - NO,,12617,,
GE 2016,6TH CIRCUIT - RETAIN LADD,1,RC,605,22903,HEIDI,LADD - YES,,119971,,
GE 2016,6TH CIRCUIT - RETAIN LADD,1,RC,605,22904,HEIDI,LADD - NO,,24523,,
GE 2016,7TH CIRCUIT - RETAIN CAVANAGH,1,RC,705,22905,PETER C.,CAVANAGH - YES,,108811,,
GE 2016,7TH CIRCUIT - RETAIN CAVANAGH,1,RC,705,22906,PETER C.,CAVANAGH - NO,,24762,,
GE 2016,8TH CIRCUIT - RETAIN DRUMMOND,1,RC,805,22907,MARK A.,DRUMMOND - YES,,49110,,
GE 2016,8TH CIRCUIT - RETAIN DRUMMOND,1,RC,805,22908,MARK A.,DRUMMOND - NO,,9420,,
GE 2016,8TH CIRCUIT - RETAIN TUCKER,1,RC,810,22909,ALAN D.,TUCKER - YES,,47525,,
GE 2016,8TH CIRCUIT - RETAIN TUCKER,1,RC,810,22910,ALAN D.,TUCKER - NO,,10055,,
GE 2016,8TH CIRCUIT - RETAIN ADRIAN,1,RC,815,22911,ROBERT,ADRIAN - YES,,47974,,
GE 2016,8TH CIRCUIT - RETAIN ADRIAN,1,RC,815,22912,ROBERT,ADRIAN - NO,,9807,,
GE 2016,9TH CIRCUIT - RETAIN PONCIN,1,RC,905,22913,WILLIAM E.,PONCIN - YES,,51552,,
GE 2016,9TH CIRCUIT - RETAIN PONCIN,1,RC,905,22914,WILLIAM E.,PONCIN - NO,,11618,,
GE 2016,10TH CIRCUIT - RETAIN RISINGER,1,RC,1005,22915,MICHAEL D.,RISINGER - YES,,112802,,
GE 2016,10TH CIRCUIT - RETAIN RISINGER,1,RC,1005,22916,MICHAEL D.,RISINGER - NO,,27490,,
GE 2016,10TH CIRCUIT - RETAIN VESPA,1,RC,1010,22917,JOHN P.,VESPA - YES,,113151,,
GE 2016,10TH CIRCUIT - RETAIN VESPA,1,RC,1010,22918,JOHN P.,VESPA - NO,,27808,,
GE 2016,11TH CIRCUIT - RETAIN DRAZEWSKI,1,RC,1105,22919,SCOTT,DRAZEWSKI - YES,,91976,,
GE 2016,11TH CIRCUIT - RETAIN DRAZEWSKI,1,RC,1105,22920,SCOTT,DRAZEWSKI - NO,,26728,,
GE 2016,12TH CIRCUIT - RETAIN GOODMAN,1,RC,1205,22921,CARMEN,GOODMAN - YES,,192294,,
GE 2016,12TH CIRCUIT - RETAIN GOODMAN,1,RC,1205,22922,CARMEN,GOODMAN - NO,,63421,,
GE 2016,12TH CIRCUIT - RETAIN ANDERSON,1,RC,1210,22923,JOHN C.,ANDERSON - YES,,193068,,
GE 2016,12TH CIRCUIT - RETAIN ANDERSON,1,RC,1210,22924,JOHN C.,ANDERSON - NO,,61510,,
GE 2016,12TH CIRCUIT - RETAIN PETRUNGARO,1,RC,1215,22925,"BARBARA ""BOBBI"" N.",PETRUNGARO - YES,,194569,,
GE 2016,12TH CIRCUIT - RETAIN PETRUNGARO,1,RC,1215,22926,"BARBARA ""BOBBI"" N.",PETRUNGARO - NO,,61207,,
GE 2016,12TH CIRCUIT - RETAIN POWERS,1,RC,1220,22927,MICHAEL J.,POWERS - YES,,196248,,
GE 2016,12TH CIRCUIT - RETAIN POWERS,1,RC,1220,22928,MICHAEL J.,POWERS - NO,,59022,,
GE 2016,12TH CIRCUIT - RETAIN ROSSI,1,RC,1225,22929,RAYMOND (RAY) E.,ROSSI - YES,,197583,,
GE 2016,12TH CIRCUIT - RETAIN ROSSI,1,RC,1225,22930,RAYMOND (RAY) E.,ROSSI - NO,,58779,,
GE 2016,"13TH CIRCUIT - RETAIN RYAN, JR.",1,RC,1305,22931,HOWARD CHRIS,"RYAN, JR. - YES",,65122,,
GE 2016,"13TH CIRCUIT - RETAIN RYAN, JR.",1,RC,1305,22932,HOWARD CHRIS,"RYAN, JR. - NO",,14527,,
GE 2016,13TH CIRCUIT - RETAIN BERNABEI,1,RC,1310,22933,MARC P.,BERNABEI - YES,,64730,,
GE 2016,13TH CIRCUIT - RETAIN BERNABEI,1,RC,1310,22934,MARC P.,BERNABEI - NO,,14710,,
GE 2016,13TH CIRCUIT - RETAIN PETERSON,1,RC,1315,22935,LANCE R.,PETERSON - YES,,65089,,
GE 2016,13TH CIRCUIT - RETAIN PETERSON,1,RC,1315,22936,LANCE R.,PETERSON - NO,,14151,,
GE 2016,14TH CIRCUIT - RETAIN LEFSTEIN,1,RC,1405,22937,LORI R.,LEFSTEIN - YES,,86370,,
GE 2016,14TH CIRCUIT - RETAIN LEFSTEIN,1,RC,1405,22938,LORI R.,LEFSTEIN - NO,,21803,,
GE 2016,"14TH CIRCUIT - RETAIN CONWAY, JR.",1,RC,1410,22939,JAMES G.,"CONWAY, JR. - YES",,83912,,
GE 2016,"14TH CIRCUIT - RETAIN CONWAY, JR.",1,RC,1410,22940,JAMES G.,"CONWAY, JR. - NO",,23379,,
GE 2016,14TH CIRCUIT - RETAIN DARROW,1,RC,1415,22941,"CLARENCE ""MIKE""",DARROW - YES,,86039,,
GE 2016,14TH CIRCUIT - RETAIN DARROW,1,RC,1415,22942,"CLARENCE ""MIKE""",DARROW - NO,,22501,,
GE 2016,14TH CIRCUIT - RETAIN FUHR,1,RC,1420,22943,FRANK,FUHR - YES,,83852,,
GE 2016,14TH CIRCUIT - RETAIN FUHR,1,RC,1420,22944,FRANK,FUHR - NO,,23062,,
GE 2016,16TH CIRCUIT - RETAIN SPENCE,1,RC,1605,22945,ROBERT B.,SPENCE - YES,,129869,,
GE 2016,16TH CIRCUIT - RETAIN SPENCE,1,RC,1605,22946,ROBERT B.,SPENCE - NO,,35600,,
GE 2016,16TH CIRCUIT - RETAIN BOLES,1,RC,1610,22947,SUSAN CLANCY,BOLES - YES,,130634,,
GE 2016,16TH CIRCUIT - RETAIN BOLES,1,RC,1610,22948,SUSAN CLANCY,BOLES - NO,,34389,,
GE 2016,16TH CIRCUIT - RETAIN AKEMANN,1,RC,1615,22949,DAVID R.,AKEMANN - YES,,130063,,
GE 2016,16TH CIRCUIT - RETAIN AKEMANN,1,RC,1615,22950,DAVID R.,AKEMANN - NO,,35320,,
GE 2016,16TH CIRCUIT - RETAIN BUSCH,1,RC,1620,22951,KEVIN T.,BUSCH - YES,,128211,,
GE 2016,16TH CIRCUIT - RETAIN BUSCH,1,RC,1620,22952,KEVIN T.,BUSCH - NO,,36430,,
GE 2016,17TH CIRCUIT - RETAIN ZENOFF,1,RC,1705,22953,KATHRYN E.,ZENOFF - YES,,104013,,
GE 2016,17TH CIRCUIT - RETAIN ZENOFF,1,RC,1705,22954,KATHRYN E.,ZENOFF - NO,,20050,,
GE 2016,17TH CIRCUIT - RETAIN HOLMGREN,1,RC,1710,22955,JANET R.,HOLMGREN - YES,,105449,,
GE 2016,17TH CIRCUIT - RETAIN HOLMGREN,1,RC,1710,22956,JANET R.,HOLMGREN - NO,,19552,,
GE 2016,17TH CIRCUIT - RETAIN TOBIN,1,RC,1715,22957,ROB,TOBIN - YES,,101760,,
GE 2016,17TH CIRCUIT - RETAIN TOBIN,1,RC,1715,22958,ROB,TOBIN - NO,,21107,,
GE 2016,18TH CIRCUIT - RETAIN WHEATON,1,RC,1805,22959,BONNIE M.,WHEATON - YES,,279765,,
GE 2016,18TH CIRCUIT - RETAIN WHEATON,1,RC,1805,22960,BONNIE M.,WHEATON - NO,,62073,,
GE 2016,18TH CIRCUIT - RETAIN POPEJOY,1,RC,1810,22961,KENNETH L.,POPEJOY - YES,,259089,,
GE 2016,18TH CIRCUIT - RETAIN POPEJOY,1,RC,1810,22962,KENNETH L.,POPEJOY - NO,,71011,,
GE 2016,18TH CIRCUIT - RETAIN GUERIN,1,RC,1815,22963,DANIEL P.,GUERIN - YES,,261309,,
GE 2016,18TH CIRCUIT - RETAIN GUERIN,1,RC,1815,22964,DANIEL P.,GUERIN - NO,,65527,,
GE 2016,18TH CIRCUIT - RETAIN MALLEN,1,RC,1820,22965,DOROTHY FRENCH,MALLEN - YES,,264887,,
GE 2016,18TH CIRCUIT - RETAIN MALLEN,1,RC,1820,22966,DOROTHY FRENCH,MALLEN - NO,,62515,,
GE 2016,18TH CIRCUIT - RETAIN SUTTER,1,RC,1825,22967,RONALD D.,SUTTER - YES,,260656,,
GE 2016,18TH CIRCUIT - RETAIN SUTTER,1,RC,1825,22968,RONALD D.,SUTTER - NO,,65473,,
GE 2016,19TH CIRCUIT - RETAIN MULLEN,1,RC,1905,22969,MARGARET J.,MULLEN - YES,,200404,,
GE 2016,19TH CIRCUIT - RETAIN MULLEN,1,RC,1905,22970,MARGARET J.,MULLEN - NO,,39346,,
GE 2016,19TH CIRCUIT - RETAIN ROSSETTI,1,RC,1910,22971,VICTORIA A.,ROSSETTI - YES,,197531,,
GE 2016,19TH CIRCUIT - RETAIN ROSSETTI,1,RC,1910,22972,VICTORIA A.,ROSSETTI - NO,,40554,,
GE 2016,19TH CIRCUIT - RETAIN ORTIZ,1,RC,1915,22973,JORGE L.,ORTIZ - YES,,194125,,
GE 2016,19TH CIRCUIT - RETAIN ORTIZ,1,RC,1915,22974,JORGE L.,ORTIZ - NO,,44399,,
GE 2016,19TH CIRCUIT - RETAIN WINTER,1,RC,1920,22975,DIANE E.,WINTER - YES,,195933,,
GE 2016,19TH CIRCUIT - RETAIN WINTER,1,RC,1920,22976,DIANE E.,WINTER - NO,,40652,,
GE 2016,19TH CIRCUIT - RETAIN LEVITT,1,RC,1925,22977,MARK L.,LEVITT - YES,,194987,,
GE 2016,20TH CIRCUIT - RETAIN BROWN,1,RC,2005,22978,RICHARD A.,BROWN - YES,,110910,,
GE 2016,20TH CIRCUIT - RETAIN BROWN,1,RC,2005,22979,RICHARD A.,BROWN - NO,,43196,,
GE 2016,21ST CIRCUIT - RETAIN ELLIOTT,1,RC,2105,22980,KATHY BRADSHAW,ELLIOTT - YES,,45436,,
GE 2016,21ST CIRCUIT - RETAIN ELLIOTT,1,RC,2105,22981,KATHY BRADSHAW,ELLIOTT - NO,,8695,,
GE 2016,23RD CIRCUIT - RETAIN STUCKERT,1,RC,2305,22982,ROBBIN J.,STUCKERT - YES,,65174,,
GE 2016,23RD CIRCUIT - RETAIN STUCKERT,1,RC,2305,22983,ROBBIN J.,STUCKERT - NO,,15940,,
GE 2016,23RD CIRCUIT - RETAIN MCCANN,1,RC,2310,22984,TIMOTHY J.,McCANN - YES,,64988,,
GE 2016,23RD CIRCUIT - RETAIN MCCANN,1,RC,2310,22985,TIMOTHY J.,McCANN - NO,,15645,,
GE 2016,23RD CIRCUIT - RETAIN DOHERTY,1,RC,2315,22986,THOMAS L.,DOHERTY - YES,,64836,,
GE 2016,23RD CIRCUIT - RETAIN DOHERTY,1,RC,2315,22987,THOMAS L.,DOHERTY - NO,,15452,,
GE 2016,23RD CIRCUIT - RETAIN PILMER,1,RC,2320,22988,ROBERT P. (BOB),PILMER - YES,,63705,,
GE 2016,23RD CIRCUIT - RETAIN PILMER,1,RC,2320,22989,ROBERT P. (BOB),PILMER - NO,,15884,,
GE 2016,COOK CIRCUIT - RETAIN HALL,1,RC,30005,22990,SOPHIA H.,HALL - YES,,1155566,,
GE 2016,COOK CIRCUIT - RETAIN HALL,1,RC,30005,22991,SOPHIA H.,HALL - NO,,308064,,
GE 2016,COOK CIRCUIT - RETAIN SOLGANICK,1,RC,30010,22992,IRWIN J.,SOLGANICK - YES,,989332,,
GE 2016,COOK CIRCUIT - RETAIN SOLGANICK,1,RC,30010,22993,IRWIN J.,SOLGANICK - NO,,435217,,
GE 2016,COOK CIRCUIT - RETAIN WHITE,1,RC,30015,22994,ALEXANDER PATRICK,WHITE - YES,,1070386,,
GE 2016,COOK CIRCUIT - RETAIN WHITE,1,RC,30015,22995,ALEXANDER PATRICK,WHITE - NO,,363280,,
GE 2016,COOK CIRCUIT - RETAIN GAUGHAN,1,RC,30020,22996,VINCENT MICHAEL,GAUGHAN - YES,,1053415,,
GE 2016,COOK CIRCUIT - RETAIN GAUGHAN,1,RC,30020,22997,VINCENT MICHAEL,GAUGHAN - NO,,379065,,
GE 2016,COOK CIRCUIT - RETAIN BERTUCCI,1,RC,30025,22998,ROBERT W.,BERTUCCI - YES,,1064860,,
GE 2016,COOK CIRCUIT - RETAIN BERTUCCI,1,RC,30025,22999,ROBERT W.,BERTUCCI - NO,,378154,,
GE 2016,COOK CIRCUIT - RETAIN DOOLING,1,RC,30030,23000,DEBORAH MARY,DOOLING - YES,,1089977,,
GE 2016,COOK CIRCUIT - RETAIN DOOLING,1,RC,30030,23001,DEBORAH MARY,DOOLING - NO,,331607,,
GE 2016,COOK CIRCUIT - RETAIN EVANS,1,RC,30035,23002,TIMOTHY C.,EVANS - YES,,1124768,,
GE 2016,COOK CIRCUIT - RETAIN EVANS,1,RC,30035,23003,TIMOTHY C.,EVANS - NO,,338465,,
GE 2016,23RD CIRCUIT - A VACANCY - DeKALB COUNTY,1,LD,2310,23004,SHANNON,STOKER,,17678,DEMOCRATIC,DEM
GE 2016,COOK CIRCUIT - RETAIN INGRAM,1,RC,30040,23005,CHEYRL D.,INGRAM - YES,,1086227,,
GE 2016,COOK CIRCUIT - RETAIN INGRAM,1,RC,30040,23006,CHEYRL D.,INGRAM - NO,,317792,,
GE 2016,COOK CIRCUIT - RETAIN JAGIELSKI,1,RC,30045,23007,RAYMOND L.,JAGIELSKI - YES,,1002496,,
GE 2016,COOK CIRCUIT - RETAIN JAGIELSKI,1,RC,30045,23008,RAYMOND L.,JAGIELSKI - NO,,393978,,
GE 2016,COOK CIRCUIT - RETAIN LAMPKIN,1,RC,30050,23009,BERTINA E.,LAMPKIN - YES,,1063326,,
GE 2016,COOK CIRCUIT - RETAIN LAMPKIN,1,RC,30050,23010,BERTINA E.,LAMPKIN - NO,,348035,,
GE 2016,COOK CIRCUIT - RETAIN MAKI,1,RC,30055,23011,WILLIAM,MAKI - YES,,1002939,,
GE 2016,COOK CIRCUIT - RETAIN MAKI,1,RC,30055,23012,WILLIAM,MAKI - NO,,385284,,
GE 2016,COOK CIRCUIT - RETAIN SULLIVAN,1,RC,30060,23013,SHARON MARIE,SULLIVAN - YES,,1096676,,
GE 2016,COOK CIRCUIT - RETAIN SULLIVAN,1,RC,30060,23014,SHARON MARIE,SULLIVAN - NO,,307729,,
GE 2016,COOK CIRCUIT - RETAIN MCCARTHY,1,RC,30065,23015,JAMES PATRICK,McCARTHY - YES,,1059218,,
GE 2016,COOK CIRCUIT - RETAIN MCCARTHY,1,RC,30065,23016,JAMES PATRICK,McCARTHY - NO,,343040,,
GE 2016,COOK CIRCUIT - RETAIN HUBBARD,1,RC,30070,23017,ARNETTE R.,HUBBARD - YES,,1063105,,
GE 2016,COOK CIRCUIT - RETAIN HUBBARD,1,RC,30070,23018,ARNETTE R.,HUBBARD - NO,,334800,,
GE 2016,COOK CIRCUIT - RETAIN FORD,1,RC,30075,23019,NICHOLAS R.,FORD - YES,,1005412,,
GE 2016,COOK CIRCUIT - RETAIN FORD,1,RC,30075,23020,NICHOLAS R.,FORD - NO,,393358,,
GE 2016,COOK CIRCUIT - RETAIN BURNS,1,RC,30080,23021,CHARLES PATRICK,BURNS - YES,,1032003,,
GE 2016,COOK CIRCUIT - RETAIN BURNS,1,RC,30080,23022,CHARLES PATRICK,BURNS - NO,,354930,,
GE 2016,COOK CIRCUIT - RETAIN FILAN,1,RC,30085,23023,DENISE KATHLEEN,FILAN - YES,,1047882,,
GE 2016,COOK CIRCUIT - RETAIN FILAN,1,RC,30085,23024,DENISE KATHLEEN,FILAN - NO,,334381,,
GE 2016,COOK CIRCUIT - RETAIN KIRBY,1,RC,30090,23025,JOHN PATRICK,KIRBY - YES,,1036053,,
GE 2016,COOK CIRCUIT - RETAIN KIRBY,1,RC,30090,23026,JOHN PATRICK,KIRBY - NO,,348142,,
GE 2016,COOK CIRCUIT - RETAIN LARSEN,1,RC,30100,23027,DIANE JOAN,LARSEN - YES,,1053923,,
GE 2016,COOK CIRCUIT - RETAIN LARSEN,1,RC,30100,23028,DIANE JOAN,LARSEN - NO,,331678,,
GE 2016,COOK CIRCUIT - RETAIN LYNCH,1,RC,30105,23029,DANIEL JOSEPH,LYNCH - YES,,962593,,
GE 2016,COOK CIRCUIT - RETAIN LYNCH,1,RC,30105,23030,DANIEL JOSEPH,LYNCH - NO,,426903,,
GE 2016,COOK CIRCUIT - RETAIN PANTLE,1,RC,30110,23032,KATHLEEN MARY,PANTLE - YES,,1049262,,
GE 2016,COOK CIRCUIT - RETAIN PANTLE,1,RC,30110,23033,KATHLEEN MARY,PANTLE - NO,,332109,,
GE 2016,COOK CIRCUIT - RETAIN SHEEHAN,1,RC,30115,23034,KEVIN MICHAEL,SHEEHAN - YES,,1037442,,
GE 2016,COOK CIRCUIT - RETAIN SHEEHAN,1,RC,30115,23035,KEVIN MICHAEL,SHEEHAN - NO,,351545,,
GE 2016,"COOK CIRCUIT - RETAIN TURNER, JR.",1,RC,30120,23036,JOHN D.,"TURNER, JR. - YES",,1033297,,
GE 2016,"COOK CIRCUIT - RETAIN TURNER, JR.",1,RC,30120,23037,JOHN D.,"TURNER, JR. - NO",,345725,,
GE 2016,"COOK CIRCUIT - RETAIN MARTIN, JR.",1,RC,30125,23038,LeROY K.,"MARTIN, JR. - YES",,1055335,,
GE 2016,"COOK CIRCUIT - RETAIN MARTIN, JR.",1,RC,30125,23039,LeROY K.,"MARTIN, JR. - NO",,334976,,
GE 2016,COOK CIRCUIT - RETAIN DALEO,1,RC,30130,23040,PAULA MARIE,DALEO - YES,,1047546,,
GE 2016,COOK CIRCUIT - RETAIN DALEO,1,RC,30130,23041,PAULA MARIE,DALEO - NO,,339378,,
GE 2016,COOK CIRCUIT - RETAIN DUNFORD,1,RC,30135,23042,LAURENCE J.,DUNFORD - YES,,989377,,
GE 2016,COOK CIRCUIT - RETAIN DUNFORD,1,RC,30135,23043,LAURENCE J.,DUNFORD - NO,,380042,,
GE 2016,COOK CIRCUIT - RETAIN BALANOFF,1,RC,30140,23044,ROBERT,BALANOFF - YES,,991477,,
GE 2016,COOK CIRCUIT - RETAIN BALANOFF,1,RC,30140,23045,ROBERT,BALANOFF - NO,,378395,,
GE 2016,"COOK CIRCUIT - RETAIN BERNSTEIN, JEANNE",1,RC,30145,23046,JEANNE R. CLEVELAND,BERNSTEIN - YES,,1007857,,
GE 2016,"COOK CIRCUIT - RETAIN BERNSTEIN, JEANNE",1,RC,30145,23047,JEANNE R. CLEVELAND,BERNSTEIN  - NO,,369019,,
GE 2016,COOK CIRCUIT - RETAIN BURKE,1,RC,30150,23048,KATHLEEN MARIE,BURKE - YES,,1075971,,
GE 2016,COOK CIRCUIT - RETAIN BURKE,1,RC,30150,23049,KATHLEEN MARIE,BURKE - NO,,319279,,
GE 2016,COOK CIRCUIT - RETAIN HANLON,1,RC,30155,23050,KAY MARIE,HANLON - YES,,1046359,,
GE 2016,COOK CIRCUIT - RETAIN HANLON,1,RC,30155,23051,KAY MARIE,HANLON - NO,,332799,,
GE 2016,COOK CIRCUIT - RETAIN KELLEY,1,RC,30160,23052,THOMAS J.,KELLEY - YES,,1046878,,
GE 2016,COOK CIRCUIT - RETAIN KELLEY,1,RC,30160,23053,THOMAS J.,KELLEY - NO,,330097,,
GE 2016,COOK CIRCUIT - RETAIN MCWILLIAMS,1,RC,30165,23054,CLARE ELIZABETH,McWILLIAMS - YES,,1061632,,
GE 2016,COOK CIRCUIT - RETAIN MCWILLIAMS,1,RC,30165,23055,CLARE ELIZABETH,McWILLIAMS - NO,,314717,,
GE 2016,COOK CIRCUIT - RETAIN MIKVA,1,RC,30170,23056,MARY LANE,MIKVA - YES,,1041855,,
GE 2016,COOK CIRCUIT - RETAIN MIKVA,1,RC,30170,23057,MARY LANE,MIKVA - NO,,339959,,
GE 2016,"COOK CIRCUIT - RETAIN MURPHY, PATRICK",1,RC,30175,23058,PATRICK T.,MURPHY - YES,,1052419,,
GE 2016,"COOK CIRCUIT - RETAIN MURPHY, PATRICK",1,RC,30175,23059,PATRICK T.,MURPHY - NO,,341604,,
GE 2016,"COOK CIRCUIT - RETAIN MURPHY, TIMOTHY",1,RC,30180,23060,TIMOTHY PATRICK,MURPHY - YES,,1046121,,
GE 2016,"COOK CIRCUIT - RETAIN MURPHY, TIMOTHY",1,RC,30180,23061,TIMOTHY PATRICK,MURPHY - NO,,346166,,
GE 2016,COOK CIRCUIT - RETAIN RYAN,1,RC,30190,23064,JIM,RYAN - YES,,1027629,,
GE 2016,COOK CIRCUIT - RETAIN RYAN,1,RC,30190,23065,JIM,RYAN - NO,,358785,,
GE 2016,"COOK CIRCUIT - RETAIN WASHINGTON, II",1,RC,30195,23066,"EDWARD ""ED""","WASHINGTON, II - YES",,1018269,,
GE 2016,"COOK CIRCUIT - RETAIN WASHINGTON, II",1,RC,30195,23067,"EDWARD ""ED""","WASHINGTON, II - NO",,353492,,
GE 2016,COOK CIRCUIT - RETAIN WILSON,1,RC,30200,23068,THADDEUS L.,WILSON - YES,,1028100,,
GE 2016,COOK CIRCUIT - RETAIN WILSON,1,RC,30200,23069,THADDEUS L.,WILSON - NO,,345121,,
GE 2016,COOK CIRCUIT - RETAIN GRIFFIN,1,RC,30205,23070,JOHN C.,GRIFFIN - YES,,1031276,,
GE 2016,COOK CIRCUIT - RETAIN GRIFFIN,1,RC,30205,23071,JOHN C.,GRIFFIN - NO,,337575,,
GE 2016,COOK CIRCUIT - RETAIN PIERCE,1,RC,30210,23072,DANIEL JAMES,PIERCE - YES,,1024966,,
GE 2016,COOK CIRCUIT - RETAIN PIERCE,1,RC,30210,23073,DANIEL JAMES,PIERCE - NO,,343794,,
GE 2016,COOK CIRCUIT - RETAIN HOOKS,1,RC,30215,23074,WILLIAM H.,HOOKS - YES,,1015558,,
GE 2016,COOK CIRCUIT - RETAIN HOOKS,1,RC,30215,23075,WILLIAM H.,HOOKS - NO,,354410,,
GE 2016,COOK CIRCUIT - RETAIN LYONS,1,RC,30220,23076,THOMAS V.,LYONS - YES,,1021538,,
GE 2016,COOK CIRCUIT - RETAIN LYONS,1,RC,30220,23077,THOMAS V.,LYONS - NO,,345360,,
GE 2016,COOK CIRCUIT - RETAIN MITCHELL,1,RC,30225,23078,RAYMOND W.,MITCHELL - YES,,1033103,,
GE 2016,COOK CIRCUIT - RETAIN MITCHELL,1,RC,30225,23079,RAYMOND W.,MITCHELL - NO,,334480,,
GE 2016,COOK CIRCUIT - RETAIN HARMENING,1,RC,30230,23080,EDWARD,HARMENING - YES,,992371,,
GE 2016,COOK CIRCUIT - RETAIN HARMENING,1,RC,30230,23081,EDWARD,HARMENING - NO,,370690,,
GE 2016,"COOK CIRCUIT - RETAIN MURPHY, ALLEN",1,RC,30213,23082,ALLEN F.,MURPHY - YES,,1031681,,
GE 2016,"COOK CIRCUIT - RETAIN MURPHY, ALLEN",1,RC,30213,23083,ALLEN F.,MURPHY - NO,,340380,,
GE 2016,COOK CIRCUIT - RETAIN MALONE,1,RC,30240,23084,DANIEL,MALONE - YES,,1025323,,
GE 2016,COOK CIRCUIT - RETAIN MALONE,1,RC,30240,23085,DANIEL,MALONE - NO,,345760,,
GE 2016,COOK CIRCUIT - RETAIN KULL,1,RC,30245,23086,GEARY W.,KULL - YES,,971350,,
GE 2016,COOK CIRCUIT - RETAIN KULL,1,RC,30245,23087,GEARY W.,KULL - NO,,384680,,
GE 2016,7TH CONGRESS,1,F,7,23088,JEFFREY A.,LEEF,,46882,REPUBLICAN,REP
GE 2016,22ND SENATE,1,J,122,23089,TRACY,SMODILLA,,21991,REPUBLICAN,REP
GE 2016,5TH CONGRESS,1,F,5,23090,VINCE,KOLBER,,86222,REPUBLICAN,REP
GE 2016,"COOK CIRCUIT - RETAIN CALLAHAN, JR.",1,RC,30250,23092,JOHN P.,"CALLAHAN, JR. - YES",,1020985,,
GE 2016,"COOK CIRCUIT - RETAIN CALLAHAN, JR.",1,RC,30250,23093,JOHN P.,"CALLAHAN, JR. - NO",,347269,,
GE 2016,"COOK CIRCUIT - RETAIN BERNSTEIN, STEVEN",1,RC,30255,23094,STEVEN JAMES,BERNSTEIN - YES,,999567,,
GE 2016,"COOK CIRCUIT - RETAIN BERNSTEIN, STEVEN",1,RC,30255,23095,STEVEN JAMES,BERNSTEIN - NO,,364467,,
GE 2016,COOK CIRCUIT - RETAIN COLEMAN,1,RC,30260,23096,BONITA,COLEMAN - YES,,1026387,,
GE 2016,COOK CIRCUIT - RETAIN COLEMAN,1,RC,30260,23097,BONITA,COLEMAN - NO,,355809,,
GE 2016,COOK CIRCUIT - RETAIN COLLINS,1,RC,30265,23098,ANN FINLEY,COLLINS - YES,,1059720,,
GE 2016,COOK CIRCUIT - RETAIN COLLINS,1,RC,30265,23099,ANN FINLEY,COLLINS - NO,,309604,,
GE 2016,COOK CIRCUIT - RETAIN GALLAGHER,1,RC,30270,23100,DANIEL J.,GALLAGHER - YES,,1016748,,
GE 2016,COOK CIRCUIT - RETAIN GALLAGHER,1,RC,30270,23101,DANIEL J.,GALLAGHER - NO,,349396,,
GE 2016,COOK CIRCUIT - RETAIN JOHNSON,1,RC,30275,23102,SHARON O.,JOHNSON - YES,,1059200,,
GE 2016,COOK CIRCUIT - RETAIN JOHNSON,1,RC,30275,23103,SHARON O.,JOHNSON - NO,,313858,,
GE 2016,COOK CIRCUIT - RETAIN JONES,1,RC,30280,23104,LINZEY D.,JONES - YES,,1033687,,
GE 2016,COOK CIRCUIT - RETAIN JONES,1,RC,30280,23105,LINZEY D.,JONES - NO,,318486,,
GE 2016,COOK CIRCUIT - RETAIN MACCARTHY,1,RC,30285,23106,TERRY,MacCARTHY  - YES,,1031139,,
GE 2016,COOK CIRCUIT - RETAIN MACCARTHY,1,RC,30285,23107,TERRY,MacCARTHY  - NO,,328529,,
GE 2016,COOK CIRCUIT - RETAIN RAMOS,1,RC,30290,23108,SANDRA G.,RAMOS  - YES,,1069523,,
GE 2016,COOK CIRCUIT - RETAIN RAMOS,1,RC,30290,23109,SANDRA G.,RAMOS  - NO,,318569,,
GE 2016,COOK CIRCUIT - RETAIN  KENNEDY SULLIVAN,1,RC,30295,23110,SUSAN,KENNEDY SULLIVAN  - YES,,1093523,,
GE 2016,COOK CIRCUIT - RETAIN  KENNEDY SULLIVAN,1,RC,30295,23111,SUSAN,KENNEDY SULLIVAN  - NO,,292719,,
GE 2016,111TH REPRESENTATIVE,1,J,2111,23112,MIKE,BABCOCK,,22353,REPUBLICAN,REP
GE 2016,19TH CIRCUIT - RETAIN LEVITT,1,RC,1925,23113,MARK L.,LEVITT - NO,,42610,,
GE 2016,4TH CIRCUIT - RETAIN STEDELIN,1,RC,420,23114,MARK W.,STEDELIN - NO,,23538,,
GE 2016,18TH CONGRESS,1,F,18,23115,JUNIUS,RODRIGUEZ,,96770,DEMOCRATIC,DEM
GE 2016,32ND SENATE,1,J,132,23117,MELISSA,COYNE,,31217,DEMOCRATIC,DEM
GE 2016,50TH REPRESENTATIVE,1,J,2050,23118,VALERIE L.,BURD,,20830,DEMOCRATIC,DEM
GE 2016,48TH REPRESENTATIVE,1,J,2048,23119,STEVE,SWANSON,,23676,DEMOCRATIC,DEM
GE 2016,110TH REPRESENTATIVE,1,J,2110,23120,DENNIS F.,MALAK,,16121,DEMOCRATIC,DEM
GE 2016,26TH SENATE,1,J,126,23121,KELLY,MAZESKI,,43738,DEMOCRATIC,DEM
GE 2016,14TH REPRESENTATIVE,1,J,2014,23123,ARTHUR NOAH,SIEGEL,,7259,INDEPENDENT,IND
GE 2016,UNITED STATES SENATOR,1,A,2,23127,KENTON,McMILLEN,,175988,LIBERTARIAN,LIB
GE 2016,COMPTROLLER,1,B,5,23128,CLAIRE,BALL,,187017,LIBERTARIAN,LIB
GE 2016,PRESIDENT AND VICE PRESIDENT,1,A,1,23137,JILL,STEIN,,76802,GREEN,GRN
GE 2016,UNITED STATES SENATOR,1,A,2,23139,SCOTT,SUMMERS,,117619,GREEN,GRN
GE 2016,COMPTROLLER,1,B,5,23140,TIM,CURTIN,,144559,GREEN,GRN
GE 2016,63RD REPRESENTATIVE,1,J,2063,23145,JOHN M.,BARTMAN,,19808,DEMOCRATIC,DEM
GE 2016,75TH REPRESENTATIVE,1,J,2075,23146,DAVID ALLEN,WELTER,,29030,REPUBLICAN,REP
GE 2016,For the proposed addition of Section 11 to Article IX of the Illinois Constitution.,1,1A,1,23147,,YES,,3796654,,
GE 2016,For the proposed addition of Section 11 to Article IX of the Illinois Constitution.,1,1A,1,23148,,NO,,1014461,,
GE 2016,PRESIDENT AND VICE PRESIDENT,1,A,1,23150,DONALD J.,TRUMP,,2146015,REPUBLICAN,REP
GE 2016,PRESIDENT AND VICE PRESIDENT,1,A,1,23151,GARY,JOHNSON,,209596,LIBERTARIAN,LIB
GE 2016,81ST REPRESENTATIVE,1,J,2081,23153,DAVID S.,OLSEN,,29406,REPUBLICAN,REP
GE 2016,PRESIDENT AND VICE PRESIDENT,1,A,1,23154,HILLARY RODHAM,CLINTON,,3090729,DEMOCRATIC,DEM
GE 2016,MASON/TAZEWELL/WOODFORD SUPERINTENDENT OF SCHOOLS,1,K,125,23158,PATRICK,DURLEY,,76145,REPUBLICAN,REP
GE 2016,PRESIDENT AND VICE PRESIDENT,1,A,1,23163,TOM,HOEFLING,,175,,
GE 2016,PRESIDENT AND VICE PRESIDENT,1,A,1,23164,LAIO,MORRIS,,10,,
GE 2016,PRESIDENT AND VICE PRESIDENT,1,A,1,23165,JOSEPH A.,MALDONADO,,20,,
GE 2016,PRESIDENT AND VICE PRESIDENT,1,A,1,23166,ROY WAYNE,TYREE,,3,,
GE 2016,PRESIDENT AND VICE PRESIDENT,1,A,1,23167,JOANN,BREIVOGEL,,12,,
GE 2016,PRESIDENT AND VICE PRESIDENT,1,A,1,23168,DUFF COOPER,SMITH,,4,,
GE 2016,PRESIDENT AND VICE PRESIDENT,1,A,1,23169,EVAN,MCMULLIN,,11655,,
GE 2016,UNITED STATES SENATOR,1,A,2,23170,JIM,BROWN,,106,,
GE 2016,UNITED STATES SENATOR,1,A,2,23171,SUSANA,SANDOVAL,,42,,
GE 2016,16TH CONGRESS,1,F,16,23172,JOHN F.,BURCHARDT,,131,,
GE 2016,PRESIDENT AND VICE PRESIDENT,1,A,1,23173,CHERUNDA,FOX,,3,,
GE 2016,UNITED STATES SENATOR,1,A,2,23175,CHAD,KOPPIE,,408,,
GE 2016,18TH CONGRESS,1,F,18,23176,DON,VANCE,,7,,
GE 2016,PRESIDENT AND VICE PRESIDENT,1,A,1,23179,BEN,HARTNELL,,6,,
GE 2016,PRESIDENT AND VICE PRESIDENT,1,A,1,23180,JAMES,ANDERSON,,61,,
GE 2016,PRESIDENT AND VICE PRESIDENT,1,A,1,23181,JONATHAN,LEE,,7,,
GE 2016,UNITED STATES SENATOR,1,A,2,23182,CHRISTOPHER,AGUAYO,,77,,
GE 2016,PRESIDENT AND VICE PRESIDENT,1,A,1,23183,DAVID,FORMHALS,,0,,
GE 2016,PRESIDENT AND VICE PRESIDENT,1,A,1,23184,JIM,BROWN,,0,,
GE 2016,PRESIDENT AND VICE PRESIDENT,1,A,1,23185,SHELIA MARIE,BOLAR,,0,,
GE 2016,PRESIDENT AND VICE PRESIDENT,1,A,1,23186,NATHAN,JOHNSON,,1,,
GE 2016,95TH REPRESENTATIVE,1,J,2095,23187,JAKE,LEONARD,,13,,
GE 2016,47TH SENATE,1,J,147,23188,KURT,FOWLER,,112,,
GE 2016,70TH REPRESENTATIVE,1,J,2070,23189,BRIAN,SOLAR,,8,,
GE 2016,PRESIDENT AND VICE PRESIDENT,1,A,1,23190,DAVID G.,STACK,,10,,
GE 2016,2ND CONGRESS,1,F,2,23191,JAMES,REYNOLDS,,0,,
GE 2016,UNITED STATES SENATOR,1,A,2,23192,ERIC KUFI JAMES,STEWART,,5,,
GE 2016,52ND REPRESENTATIVE,1,J,2052,23193,CHRIS,BAUMAN,,11,,
GE 2016,PRESIDENT AND VICE PRESIDENT,1,A,1,23194,DEM J.,WYSINGER,,1,,
GE 2016,94TH REPRESENTATIVE,1,J,2094,23195,ROGER,DAVIS,,1,,
GE 2016,3RD CONGRESS,1,F,3,23196,DIANE,HARRIS,,91,,
GE 2016,5TH CONGRESS,1,F,5,23197,MICHAEL,KRYNSKI,,3,,
GE 2016,PRESIDENT AND VICE PRESIDENT,1,A,1,23198,KEVIN,MCKEE,,24,,
GE 2016,PRESIDENT AND VICE PRESIDENT,1,A,1,23199,MATTHEW,ROBERTS,,8,,
GE 2016,PRESIDENT AND VICE PRESIDENT,1,A,1,23200,PHILLIP,SEEBERG,,27,,
GE 2016,UNITED STATES SENATOR,1,A,2,23201,PATRICIA,BEARD,,1,,
GE 2016,75TH REPRESENTATIVE,1,J,2075,23202,WILLARD H.,"HARPER, JR.",,6,,
GE 2016,10TH CONGRESS,1,F,10,23203,JOSEPH WILLIAM,KOPSICK,,26,,
GE 2016,PRESIDENT AND VICE PRESIDENT,1,A,1,23204,AUTHOR C.,BRUMFIELD,,5,,
GE 2016,PRESIDENT AND VICE PRESIDENT,1,A,1,23205,JAMES T.,STRUCK,,1,,
GE 2016,PRESIDENT AND VICE PRESIDENT,1,A,1,23206,MARK J.,HARPER,,1,,
GE 2016,PRESIDENT AND VICE PRESIDENT,1,A,1,23207,TIMOTHY B.,MELUCH,,3,,
GE 2016,43RD REPRESENTATIVE,1,J,2043,23208,RICHARD,EVANS,,231,,
GE 2016,1ST CONGRESS,1,F,1,23209,TABITHA,CARSON,,8,,
GE 2016,9TH CONGRESS,1,F,9,23210,SUSANNE,ATANUS,,13,,
GE 2016,9TH CONGRESS,1,F,9,23211,DAVID,WILLIAMS,,79,,
GE 2016,10TH SENATE,1,J,110,23212,JONATHON,LUERS,,13,,
GE 2016,COOK - 1ST SUBCIRCUIT - HOPKINS VACANCY,1,LC,120,23213,MARYAM,AHMAD,,884,,
GE 2016,PRESIDENT AND VICE PRESIDENT,1,A,1,23217,LAURENCE,KOTLIKOFF,,82,,
GE 2016,PRESIDENT AND VICE PRESIDENT,1,A,1,23218,DARRELL,CASTLE,,1138,,
GE 2016,PRESIDENT AND VICE PRESIDENT,1,A,1,23220,MARSHALL ROY,SCHOENKE,,25,,